{"cameraMode":{"drawMode":0,"name":"Shaded","section":"Shading Mode"},"sceneLighting":false,"audioPlay":false,"sceneViewState":{"m_AlwaysRefresh":false,"showFog":true,"showSkybox":false,"showFlares":true,"showImageEffects":true,"showParticleSystems":true,"showVisualEffectGraphs":true,"m_FxEnabled":true},"in2DMode":false,"pivot":{"x":8.773698806762696,"y":4.737986087799072,"z":1.0460419654846192},"rotation":{"x":-0.018904948607087137,"y":-0.013781829737126828,"z":0.00026092404732480645,"w":-0.9997056126594544},"size":10.262646675109864,"orthographic":false}